{
    "rulesDirectory": [
        "node_modules/tslint-microsoft-contrib/"
    ],
    "rules": {
        "insecure-random": true,
        "no-banned-terms": true,
        "no-cookies": true,
        "no-delete-expression": true,
        "no-disable-auto-sanitization": true,
        "no-document-domain": true,
        "no-document-write": true,
        "no-eval": true,
        "no-exec-script": true,
        "no-function-constructor-with-string-args": true,
        "no-http-string": [
            true,
            "http://www.example.com/?.*",
            "http://www.examples.com/?.*"
        ],
        "no-inner-html": true,
        "no-octal-literal": true,
        "no-reserved-keywords": true,
        "no-string-based-set-immediate": true,
        "no-string-based-set-interval": true,
        "no-string-based-set-timeout": true,
        "non-literal-require": true,
        "possible-timing-attack": true,
        "react-anchor-blank-noopener": true,
        "react-iframe-missing-sandbox": true,
        "react-no-dangerous-html": true,
        "forin": true,
        "jquery-deferred-must-complete": true,
        "label-position": true,
        "mocha-avoid-only": true,
        "mocha-no-side-effect-code": true,
        "no-any": true,
        "no-arg": true,
        "no-backbone-get-set-outside-model": true,
        "no-bitwise": true,
        "no-conditional-assignment": true,
        "no-console": [
            true,
            "debug",
            "info",
            "log",
            "time",
            "timeEnd",
            "trace"
        ],
        "no-constant-condition": true,
        "no-control-regex": true,
        "no-debugger": true,
        "no-duplicate-case": true,
        "no-duplicate-variable": true,
        "no-empty": true,
        "no-for-in-array": true,
        "no-increment-decrement": true,
        "no-invalid-regexp": true,
        "no-invalid-this": true,
        "no-jquery-raw-elements": true,
        "no-regex-spaces": true,
        "no-sparse-arrays": true,
        "no-stateless-class": true,
        "no-string-literal": true,
        "no-unnecessary-bind": true,
        "no-unnecessary-override": true,
        "no-unsafe-finally": true,
        "no-unused-expression": true,
        "no-unused-new": true,
        "no-use-before-declare": true,
        "no-with-statement": true,
        "promise-must-complete": true,
        "radix": true,
        "react-this-binding-issue": true,
        "react-unused-props-and-state": true,
        "restrict-plus-operands": false,
        "switch-default": true,
        "triple-equals": [
            true,
            "allow-null-check"
        ],
        "use-isnan": true,
        "use-named-parameter": true,
        "valid-typeof": true,
        "arrow-parens": false,
        "chai-prefer-contains-to-index-of": true,
        "chai-vague-errors": true,
        "class-name": true,
        "comment-format": true,
        "export-name": false,
        "function-name": true,
        "import-name": false,
        "interface-name": false,
        "jsdoc-format": true,
        "max-file-line-count": true,
        "max-func-body-length": [
            true,
            100,
            {
                "ignore-parameters-to-function-regex": "describe"
            }
        ],
        "max-line-length": [
            true,
            140
        ],
        "member-access": true,
        "member-ordering": true,
        "missing-jsdoc": false,
        "mocha-unneeded-done": true,
        "new-parens": true,
        "no-construct": true,
        "no-default-export": false,
        "no-empty-interfaces": true,
        "no-for-in": false,
        "no-function-expression": true,
        "no-inferrable-types": false,
        "no-multiline-string": true,
        "no-null-keyword": false,
        "no-relative-imports": false,
        "no-require-imports": true,
        "no-shadowed-variable": true,
        "no-suspicious-comment": true,
        "no-typeof-undefined": true,
        "no-unnecessary-field-initialization": true,
        "no-unnecessary-local-variable": true,
        "no-unsupported-browser-code": true,
        "no-var-keyword": true,
        "no-var-requires": true,
        "no-var-self": true,
        "object-literal-sort-keys": false,
        "one-variable-per-declaration": true,
        "only-arrow-functions": false,
        "ordered-imports": false,
        "prefer-array-literal": false,
        "prefer-const": true,
        "typedef": [
            true,
            "callSignature",
            "indexSignature",
            "parameter",
            "propertySignature",
            "variableDeclarator",
            "memberVariableDeclarator"
        ],
        "underscore-consistent-invocation": true,
        "variable-name": false,
        "react-a11y-anchors": true,
        "react-a11y-aria-unsupported-elements": true,
        "react-a11y-event-has-role": true,
        "react-a11y-image-button-has-alt": true,
        "react-a11y-img-has-alt": true,
        "react-a11y-lang": true,
        "react-a11y-meta": true,
        "react-a11y-props": true,
        "react-a11y-proptypes": true,
        "react-a11y-role": true,
        "react-a11y-role-has-required-aria-props": true,
        "react-a11y-role-supports-aria-props": true,
        "react-a11y-tabindex-no-positive": true,
        "react-a11y-titles": true,
        "align": [
            true,
            "statements"
        ],
        "curly": false,
        "eofline": true,
        "indent": [
            true,
            "spaces"
        ],
        "linebreak-style": true,
        "no-consecutive-blank-lines": true,
        "no-empty-line-after-opening-brace": false,
        "no-single-line-block-comment": true,
        "no-trailing-whitespace": true,
        "no-unnecessary-semicolons": true,
        "object-literal-key-quotes": [
            true,
            "as-needed"
        ],
        "one-line": [
            true,
            "check-open-brace",
            "check-catch",
            "check-whitespace"
        ],
        "quotemark": [
            true,
            "single"
        ],
        "react-tsx-curly-spacing": true,
        "semicolon": [
            false,
            "always"
        ],
        "trailing-comma": [
            true,
            {
                "singleline": "never",
                "multiline": "never"
            }
        ],
        "typedef-whitespace": false,
        "whitespace": [
            true,
            "check-branch",
            "check-decl",
            "check-operator",
            "check-separator",
            "check-type"
        ],
        "ban": false,
        "no-angle-bracket-type-assertion": false,
        "no-internal-module": false,
        "no-mergeable-namespace": false,
        "no-namespace": false,
        "no-reference": true,
        "no-unexternalized-strings": false,
        "prefer-type-cast": true,
        "missing-optional-annotation": false,
        "no-duplicate-parameter-names": false,
        "no-missing-visibility-modifiers": false,
        "no-multiple-var-decl": false,
        "no-switch-case-fall-through": false,
        "no-unused-imports": true
    }
}